mutant,name,fault_class,killed,returncode
MUT-01,tail-release-to-relaxed,memory-order,true,1
MUT-02,tail-acquire-to-relaxed,memory-order,true,1
MUT-03,head-release-to-relaxed,memory-order,true,1
MUT-04,head-acquire-to-relaxed,memory-order,true,1
MUT-05,publish-tail-before-slot-write,publication-order,true,1
MUT-06,publish-head-before-slot-read,publication-order,true,1
MUT-07,collapse-slot-mask-to-zero,slot-mapping,true,1
MUT-08,full-limit-capacity-plus-one,capacity,true,1
MUT-09,full-limit-capacity-minus-one,capacity,true,1
MUT-10,never-refresh-producer-cached-head,cache-refresh,true,1
MUT-11,never-refresh-consumer-cached-tail,cache-refresh,true,1
MUT-12,producer-cursor-double-increment,cursor,true,1
MUT-13,consumer-cursor-double-increment,cursor,true,1
MUT-14,producer-slot-plus-one,slot-mapping,true,1
MUT-15,consumer-slot-plus-one,slot-mapping,true,1
MUT-16,publish-tail-one-ahead,publication-value,true,1
MUT-17,publish-head-one-ahead,publication-value,true,1
MUT-18,corrupt-stored-value,data-integrity,true,1
MUT-19,suppress-producer-local-tail-update,cursor,true,1
MUT-20,suppress-consumer-local-head-update,cursor,true,1
MUT-21,invert-consumer-refresh-predicate,cache-refresh,true,1
MUT-22,omit-full-check,capacity,true,1
MUT-23,publish-old-head,publication-value,true,1
MUT-24,publish-old-tail,publication-value,true,1
MUT-25,bulk-publish-tail-before-slot-writes,bulk-publication-order,true,1
MUT-26,bulk-publish-head-before-slot-reads,bulk-publication-order,true,1
MUT-27,bulk-publish-only-first-tail-advance,bulk-publication-value,true,1
MUT-28,bulk-publish-only-first-head-advance,bulk-publication-value,true,1
MUT-29,bulk-overaccept-capacity-by-one,bulk-capacity,true,1
MUT-30,bulk-second-element-wrong-slot,bulk-slot-mapping,true,1
MUT-31,consume-publish-head-before-read,consume-publication-order,true,1
MUT-32,consume-read-next-slot,consume-slot-mapping,true,1
